label,response
,"10,000 Syrian refugees."
,2 Girls 1 Cup.
,50 mg of Zoloft daily.
,50 Shades of Grey.
,"50,000 volts straight to the nipples."
,70's bush.
,72 virgins.
,8 oz. of sweet Mexican black-tar heroin.
,A 55-gallon drum of lube.
,A 60 year old who is hot in a weird way.
,A bag of magic beans.
,A Bag of Milky Ways.
,A balanced breakfast.
,"A ball of earwax, semen, and toenail clippings."
,A bar-mitzvah.
,A beached whale.
,"A beat so fresh, it just might destroy the universe."
,A big black dick.
,A big hoopla about nothing.
,"A bigger, blacker dick."
,A bird that shits human turds.
,A bitch slap.
,A bitchy email from your boss.
,A black hole.
,"A black male in his early 20s, last seen wearing a hoodie."
,"A black-and-white episode of ""Gilligan's Island"""
,A bleached asshole.
,A bloody pacifier.
,A boo-boo.
,A Bop It™.
,A botched circumcision.
,A bowl of mayonnaise and human teeth.
,A box full of terrible foreign candy.
,A brain tumor.
,A bucket of angry tiger cubs.
,A Burmese tiger pit.
,A bushy mustache.
,A can of whoop-ass.
,"A car trunk full of hot, glistening tripe."
,A cat video so cute that your eyes roll back and your spine slides out of your anus.
,A chainmail bikini.
,A cheap motel.
,A cheesy discharge.
,A Christmas stocking full of coleslaw.
,A clandestine butt scratch.
,A cooler full of organs.
,A cop who is also a dog.
,A crappy little hand.
,A cripple fight.
,A crippled albino midget.
,A crucifixion.
,A crying stripper.
,A day care Fight Club.
,A dead hooker.
,A death ray.
,A defective condom.
,A dildo.
,A disappointing birthday party.
,A dollop of sour cream.
,A drive-by shooting.
,A dude in a thong.
,A failed abortion.
,A falcon with a cap on its head.
,A fart so powerful that it wakes the giants from their thousand-year slumber.
,A fat ass in spandex.
,A fetus.
,A Fleshlight.
,A foul mouth.
,A foul mouthed Furby.
,A freshly waxed handle bar mustache.
,A fuck-ton of almonds.
,A gas station bathroom.
,A gassy antelope.
,A gentle caress of the inner thigh.
,A glass jar with a preserved two-headed fetal pig.
,A gold digger.
,A good sniff.
,"A good, strong gorilla."
,A gossamer stream of jizz that catches the light as it arcs through the morning air.
,A greased-up Matthew McConaughey.
,A grown man crying at a movie.
,A Gypsy curse.
,A Hello Kitty vibrator.
,A hilarious failed suicide attempt.
,A homoerotic volleyball montage.
,A horde of Vikings.
,A horse with a boner.
,A hot mess.
,A Hungry-Man Frozen Christmas Dinner for One.
,A husband.
,A lamprey swimming up the toilet and latching onto your taint.
,A lifetime of sadness.
,A little boy who won't shut the fuck up about dinosaurs.
,A live studio audience.
,A look-see.
,A low standard of living.
,A magic hippie love cloud.
,A man in yoga pants with a ponytail and feather earrings.
,A man on the brink of orgasm.
,"A man pretending to be a woman's ""gay friend"" in order to get at that sweet vadge."
,A man shot over a game of dominoes.
,A man-sized hamster wheel.
,A mating display.
,A Maury Povitch paternity test.
,A Mexican.
,A micropenis.
,A micropig wearing a tiny raincoat and booties.
,A middle-aged man on roller skates.
,A millionaire with a heart of gold.
,A mime having a stroke.
,A molester mustache.
,A Molson muscle.
,A moment of silence.
,A monkey smoking a cigar.
,A monolith.
,A mopey zoo lion.
,A much younger woman.
,A murder most foul.
,A ninja with diarrhea.
,A nuanced critique.
,A pack of Mentos and a two-liter bottle of Diet Coke.
,A pangender octopus who roams the cosmos in search of love.
,A passionate Latino lover.
,A pearl necklace.
,A person who is a douche but still hot.
,A piñata full of scorpions.
,A pile of squirming bodies.
,A porn star with daddy issues.
,A PowerPoint presentation.
,A prosthetic leg.
,A pyramid of severed heads.
,A racist uncle.
,A really cool hat.
,A really ugly baby.
,A rival dojo.
,A robust mongoloid.
,A rubber snake.
,A rusty trombone.
,A sad fat dragon with no friends.
,A sad handjob.
,A sadistic dentist.
,A salad for men that's made of metal.
,A salty surprise.
,A sassy black woman.
,A sausage festival.
,A saxophone solo.
,A sea of troubles.
,A self-fulfilling prophecy.
,A slightly shittier parallel universe.
,A snapping turtle biting the tip of your penis.
,"A soulful rendition of ""Ol' Man River."""
,A spontaneous conga line.
,A squadron of moles wearing aviator goggles.
,A stray pube.
,A Super Soaker full of cat pee.
,A Super Soaker™ full of cat pee.
,A surprising amount of hair.
,A suspiciously convenient plot device.
,"A sweaty, panting leather daddy."
,A sweet spaceship.
,A televangelist getting caught picking up male prostitutes.
,A thermonuclear detonation.
,A three-way with my wife and Shaquille O'Neal.
,A time machine.
,A time travel paradox.
,A tiny horse.
,"A tiny, gay guitar called a ukulele."
,A toddler-sized coffin.
,A toxic family environment.
,A tramp stamp.
,A vagina that leads to another dimension.
,A vintage collection of Kirk-Spock slashfic.
,A visually arresting turtleneck.
,A web of lies.
,A wet willy.
,A wheelchair death race.
,A whiny Taylor Swift song about a guy screwing her over.
,A whole thing of butter.
,A wife.
,A windmill full of corpses.
,A wisecracking terrorist.
,A wizard's sleeve.
,A woman scorned.
,A yeast infection.
,A zesty breakfast burrito.
,Aaron Burr.
,Academy Award winner Meryl Streep.
,Accepting the way things are.
,Accidentally sexting your mom.
,Active listening.
,"Actually getting shot, for real."
,Actually taking candy from a baby.
,Adderall.
,Adderall™.
,Adult diapers.
,Adult friendfinder.
,African children.
,Agriculture.
,AIDS.
,Alcoholism.
,All my friends dying.
,All of this blood.
,All the dudes I've fucked.
,All-you-can-eat shrimp for $4.99.
,All-you-can-eat shrimp for $8.99.
,Altar boys.
,American Gladiators.
,Amputee sex.
,Amputees.
,An all-midget production of Shakespeare’s Richard III.
,An AR-15 assault rifle.
,An army of skeletons.
,An ass disaster.
,An asymmetric boob job.
,An attractive midget.
,An awkward boner.
,An endless stream of diarrhea.
,An erection that lasts longer than four hours.
,An ether-soaked rag.
,An Explosion of Juices in My Mouth.
,An honest cop with nothing left to lose.
,An icepick lobotomy.
,An icy hand job from an Edmonton hooker.
,An M. Night Shyamalan plot twist.
,An octopus giving seven handjobs and smoking a cigarette.
,An Oedipus complex.
,An old guy who's almost dead.
,An older woman who knows her way around the penis.
,An oversized lollipop.
,An uncomfortably attractive pre-op tranny.
,An unhinged ferris wheel rolling toward the sea.
,An unstoppable wave of fire ants.
,An unwanted pregnancy.
,Anal beads.
,Anal Leakage.
,Anal warts.
,Anne Frank.
,Announcing that I am about to cum.
,Another goddamn vampire movie.
,Another shitty year.
,Another shot of morphine.
,Anyone who puts Baby in a corner.
,Apologizing.
,Appreciative snapping.
,Arnold Schwarzenegger.
,Asians being racist against each other.
,Asians who aren't good at math.
,Asians.
,Asking her when she's due and finding out she's not pregnant.
,Assholes.
,Assless chaps.
,Ass-to-mouth.
,Assuming all handicapped people are retarded.
,Atheists and agnostics.
,Attending church.
,Attitude.
,Auschwitz.
,Authentic Mexican cuisine.
,Autistic Kids.
,Autocannibalism.
,Autoerotic asphyxiation.
,AXE Body Spray.
,Baby pigs wearing people clothes.
,Back hair.
,Balls.
,Bananas.
,Band geeks.
,Barack Obama.
,Barely 18 Chaz Bono.
,Basic human decency.
,Bath salts.
,BATMAN!.
,Battlefield amputations.
,Bea Arthur’s Saggy Boobs.
,Bears.
,Beating Rodney King.
,Beating your wives.
,"Because Fuck You, That's Why."
,Becoming a blueberry.
,Becoming a Junior High Chess Champion for the sweet hook-ups.
,Becoming what you hate.
,Bedbugs.
,Beef.
,Beefin' over turf.
,Beer Farts.
,Bees?.
,"Being ""a little pregnant"""
,Being a busy adult with many important things to do.
,Being a dick to children.
,Being a dinosaur.
,Being a motherfucking sorcerer.
,Being a woman.
,Being able to talk to elephants.
,Being awesome at sex.
,Being Canadian.
,Being fabulous.
,Being fat and stupid.
,"Being friends with someone who is awful, but frequently picks up the check at dinner."
,"Being happy you just made a gay friend so you can use the phrase ""my gay friend""…."
,Being marginalized.
,Being on fire.
,Being Raped By A Moose.
,Being rich.
,Being turned on by phallic vegetables.
,Being uncomfortable realizing you're outnumbered by members of another race.
,Belly Button Lint.
,Biggest Losers.
,"Bill Clinton, naked on a bearskin rug with a saxophone."
,Bill Nye the Science Guy.
,Bin Laden.
,Binders full of women.
,Bingeing and purging.
,Bisexuality.
,Bitches.
,Black Jesus.
,Black people.
,Blacking out.
,Bling.
,Blood diamonds.
,Blood farts.
,Bloody poop.
,Blowing my boyfriend so hard he shits.
,Blowing some dudes in an alley.
,Blue Waffle.
,Boobs that sag down to her knees.
,Booby-trapping the house to foil burglars.
,Boogers.
,Boris the Soviet Love Hammer.
,Bosnian chicken farmers.
,Botched facelift.
,Botulism.
,Boy bands.
,Braiding three penises into a Twizzler.
,Breaking into a zoo to steal a monkey.
,Breaking out into song and dance.
,Breast Cancer.
,Breath so bad that your butt is mad at your mouth.
,Brown people.
,Bubble butt bottom boys.
,Bullshit.
,Bunnies.
,Burning down the White House.
,Burning in hell.
,Burning when you pee.
,Butt acne.
,Butt Hair.
,Butter.
,Butthurt.
,Buying the right pants to be cool.
,Canada: America's hat.
,Canned tuna with extra dolphin.
,Cards Against Humanity.
,Carnies.
,Carrot Top's pecs.
,Cartoon pussy.
,Casually suggesting a threesome.
,Catapults.
,Catastrophic urethral trauma.
,Celebrity beaver shot.
,Cellophane underwear.
,Centaurs.
,Chainsaws for hands.
,Charisma.
,Charlie Sheen.
,Cheating in the Special Olympics.
,Chemical weapons.
,Child abuse.
,Child beauty pageants.
,Children on leashes.
,Childrens' crutches.
,Chimpanzees with anger management issues.
,Chivalry.
,Chris Farley seductively rubbing his nipples.
,Christopher Walken.
,Chubby Chasers.
,Chuck Norris.
,Chugging a lava lamp.
,Chunks of dead hitchhiker.
,Chunks of dead prostitute.
,Chutzpah.
,Civilian casualties.
,Clams.
,Classic Mickey Mouse porn.
,Classist undertones.
,Clearing a bloody path through Walmart with a scimitar.
,Clubbing baby seals.
,Coat hanger abortions.
,Cock.
,Cockfights.
,College.
,Committing suicide.
,Completely unwarranted confidence.
,Concealing a boner.
,Consensual rape.
,Consensual sex.
,Consultants.
,Cookies and kittens.
,Copping a feel.
,Coughing into a vagina.
,Count Chocula.
,Cousin cuddling.
,Covering myself with Parmesan cheese and chili flakes because I am pizza.
,Cracking your knuckles.
,Cripple Fight.
,Crippling debt.
,Crotchless toddler underwear.
,Crumbs all over the god damn carpet.
,Crying into the pages of Sylvia Plath.
,Cryogenically frozen testicles.
,Crystal meth.
,Cuddling.
,Cum Dumpster.
,Cunt.
,Customer service representatives.
,Cutting his dick off.
,Cybernetic enhancements.
,Daddy issues.
,Daddy's belt.
,Dancing with a broom.
,Daniel Radcliffe's delicious asshole.
,Danny DeVito.
,Dark and mysterious forces beyond our control.
,Darth Vader.
,Date rape.
,David Bowie flying in on a tiger made of lightning.
,David Hasselhoff.
,Dead babies.
,Dead birds everywhere.
,Dead parents.
,Dead puppies.
,Death by Steven Seagal.
,Deflowering the princess.
,Defying the laws of physics.
,Demonic possession.
,Dental dams.
,Detroit.
,Diarrhea.
,Dick Cheney.
,Dick fingers.
,Dick pics.
,"Dining with cardboard cutouts of the cast of ""Friends."""
,Disco fever.
,Discovering you're the main dish at a cannibal gathering.
,Disgruntled Apple fanboys.
,Disney-themed weddings.
,Diversity.
,Doin' it in the butt.
,Doing crimes.
,Doing the right thing.
,Domino's Oreo Dessert Pizza.
,Don Cherry's wardrobe.
,Donald J. Trump.
,Donkey Shows.
,Dorito breath.
,Double penetration.
,Down's Syndrome.
,Dressing up in blackface.
,Drinking alone.
,Drinking out of the toilet and eating garbage.
,Drinking ten 5-hour ENERGYs to get fifty continuous hours of energy.
,Dropkicking anti-Semitic lesbians.
,Dropping a chandelier on your enemies and riding the rope up.
,Dropping your iPhone into a urinal.
,Drowning the kids in the bathtub.
,Drunk-texting an ex.
,Dry heaving.
,Dwarf tossing.
,"Dwayne ""The Rock"" Johnson."
,Dying alone and in pain.
,Dying of dysentery.
,Dying.
,East Indians.
,Eating a hard boiled egg out of my husband's asshole.
,Eating all of the cookies before the AIDS bake-sale.
,Eating an albino.
,Eating an entire snowman.
,Eating the last known bison.
,Eating the yellow snow.
,Eating Tom Selleck’s mustache to gain his powers.
,Edible underpants.
,Editing Wikipedia to win an argument.
,Elderly abuse.
,Elderly Japanese men.
,Elf cum.
,Ellen Degeneres.
,Embryonic stem cells.
,Emerging from the sea and rampaging through Tokyo.
,Emma Watson.
,Emotions.
,Encouraging children to eat lead paint chips.
,Encouraging your passenger to moon a bus full of children when you pass it.
,Enormous Scandinavian women.
,Erectile dysfunction.
,Establishing dominance.
,Estrogen.
,Ethnic cleansing.
,Etsy.
,Eugenics for fun and profit.
,Eugenics.
,Euphoria by Calvin Klein.
,Europeans.
,Euthanasia.
,Exactly what you'd expect.
,Exchanging pleasantries.
,Excruciatingly graphic Sonic the Hedgehog fan fiction.
,Executing a hostage every hour.
,Existing.
,Expecting a burp and vomiting on the floor.
,Explaining how vaginas work.
,Explosions.
,Extremely tight pants.
,Fabricating statistics.
,Facebook.
,Fading away into nothingness.
,Faith healing.
,Fake tits.
,Famine.
,Fancy Feast.
,Fancy Feast®.
,Farting and walking away.
,Farting into your petticoats and wafting it at Lord Gregory.
,Fat American children.
,Fear itself.
,Feeding Rosie O'Donnell.
,Fellatio.
,Fellowship in Christ.
,Feminists with facial hair.
,Fetal alcohol syndrome.
,Fiery poops.
,Figgy pudding.
,Filling every orifice with butterscotch pudding.
,Filling my briefcase with business stuff.
,Finding a skeleton.
,Finding out that your lover is gay.
,Finding Waldo.
,Finding your roommate passed out wearing a clown costume in a public bathroom.
,Finger painting.
,Fingering.
,Finishing off a pint of Ben & Jerry's and knowing you'd have kept eating more if it had been a gallon container.
,Firing a rifle into the air while balls deep in a squealing hog.
,First world problems.
,Fisting.
,Fistnig.
,Five-Dollar Footlongs.
,Flash flooding.
,Flesh-eating bacteria.
,Fleshlights.
,Flightless birds.
,Flying robots that kill people.
,Flying sex snakes.
,Forced sterilization.
,Foreskin.
,Forgetting the Alamo.
,Forgetting the safe word.
,Former President George W. Bush.
,Forwarding your grandmother all your erectile dysfunction pill spam.
,Fox News.
,Fragile masculinity.
,Frantically clicking pictures of cats on the internet.
,"Fred Phelps being sodomized with a Wookie (Yes, With, Not By)."
,Free candy from strangers.
,Free samples.
,Friction.
,Friendly fire.
,Friends who eat all the snacks.
,Friends with benefits.
,Frolicking.
,Front butt.
,Fuck Mountain.
,Fuck You.
,"Fucking magnets, how do they work?."
,Fucking my sister.
,Fucking the weatherman on live television.
,"Fucking up ""Silent Night"" in front of 300 parents."
,Fucking while watching Schindler's List.
,Full frontal nudity.
,Funky fresh rhymes.
,"Furries Yeah, Furries."
,Gaining 100 pounds after you get married.
,Gandalf.
,Gandhi.
,Gay aliens.
,Gay conversion therapy.
,Gay cowboys eating pudding.
,Gay for pay.
,Gay Midget Donkey Porn.
,Gay Twilight Porn.
,Gay-marrying your prison rapist.
,Geese.
,Genetically engineered super-soldiers.
,Genghis Khan.
,Genital piercings.
,Genital warts.
,Genuine human connection.
,George Clooney's musk.
,Gerbils.
,German Chancellor Angela Merkel.
,German dungeon porn.
,"Getting ""unfriended"" on Facebook."
,Getting a lapdance from Hilary Clinton.
,Getting abducted by Peter Pan.
,Getting angry at something just to pass the time.
,Getting crushed by a vending machine.
,Getting cummed on.
,Getting drugs off the street and into my body.
,Getting drunk on mouthwash.
,Getting fingered.
,Getting hilariously gang-banged by the Blue Man Group.
,"Getting in her pants, politely."
,"Getting married, having a few kids, buying some stuff, retiring to Florida, and dying."
,Getting naked and watching Nickelodeon.
,Getting really high.
,Getting so angry that you pop a boner.
,Getting unfriended by your mom on Facebook.
,Getting your dick stuck in a Chinese finger trap with another dick.
,Getting Your Period For The First Time.
,Ghosts.
,Giant squid.
,Gift-wrapping a live hamster.
,Gingers.
,Girl Scouts on steroids.
,Girls Gone Wild.
,Girls that always be textin’.
,Girls who souldn't go wild.
,Girls.
,Giving 110%.
,Giving birth to the Antichrist.
,Giving over to the dark side.
,Gladiatorial combat.
,Glenn Beck being harried by a swarm of buzzards.
,Glenn Beck catching his scrotum on a curtain hook.
,Glenn Beck convulsively vomiting as a brood of crab spiders hatches in his brain and erupts from his tear ducts.
,Global warming.
,Gloryholes.
,Goats eating cans.
,Goblins.
,God Hates You.
,God.
,GoGurt.
,GoGurt®.
,Going an entire day without masturbating.
,Going around punching people.
,Going on a Pop-Tart bender.
,Going to black friday sales at 4am.
,Golden showers.
,Good grammar.
,Graham Greene playing the same First Nations character on every TV show.
,Grandma.
,Grandpa's ashes.
,"Graphic violence, adult language, and some sexual content."
,Grave robbing.
,Guys who don't call.
,Hair in the shower drain.
,Half-assed foreplay.
,Harry Potter erotica.
,Having a PhD in 'experimenting' with homosexuality.
,Having anuses for eyes.
,Having big dreams but no realistic way to achieve them.
,Having dinner with your ex.
,Having sex for the first time.
,Having sex on top of a pizza.
,Having sex with a bowl of jello.
,Having shotguns for legs.
,Heartwarming orphans.
,Helen Keller.
,Helen Keller’s Driving school.
,Hello Kitty.
,Hello!.
,"Her Majesty, Queen Elizabeth II."
,"Her Royal Highness, Queen Elizabeth II."
,Heritage minutes.
,Herpes.
,Heteronormativity.
,Hillary Clinton's death stare.
,Hillary Clinton's emails.
,Hillary Clinton's gynecologist.
,Hipsters.
,Historical revisionism.
,Historically black colleges.
,Hitler’s House of Barbecue.
,Hoarders.
,Hobos.
,Holding down a child and farting all over him.
,Home video of Oprah sobbing into a Lean Cuisine.
,Homeless people.
,Homo milk.
,homoerotic frat boys.
,Hope.
,Hormone injections.
,Horrifying laser hair removal accidents.
,Horse meat.
,Hospice care.
,Hot cheese.
,Hot people.
,Hot Pockets.
,How amazing it is to be on mushrooms.
,How bad my daughter fucked up her dance recital.
,How far I can get my own penis up my butt.
,However much weed $20 can buy.
,Huffing spray paint.
,Huge biceps.
,Hugging your grandma while you have an erection.
,Hulk Hogan.
,Human sacrifice.
,Hunting accidents.
,Hurricane Katrina.
,Hymen reconstruction surgery.
,I love you.
,Illegal immigrants.
,I'm friends with your dad on Facebook.
,Immaculate conception.
,Improvised explosive devices.
,Inappropriate yodeling.
,Incest.
,Indecent exposure.
,Indescribable loneliness.
,Indian Food Poops.
,Infuriating Incompetence.
,Insatiable blood lust.
,Insatiable bloodlust.
,Inserting a Mason jar into my anus.
,Intelligent design.
,Intimacy problems.
,Invading Poland.
,Ironic facial hair.
,Italians.
,Itchy pussy.
,J.D. Power and his associates.
,Jackass 19 year olds who wear sunglasses at the poker table.
,Jacking Off Onto The Wedding Cake And Telling Everyone It's Just Frosting.
,Jacking off to Saturday morning cartoons.
,Jafar.
,Jailbait.
,Japanese schoolgirl porn.
,Jean-Claude Van Damme.
,Jeff Goldblum.
,Jennifer Lawrence.
,Jerking off into a pool of children's tears.
,Jerry Sandusky’s Security Blanket.
,Jerry’s Kids.
,Jesus.
,Jew-fros.
,Jewish fraternities.
,"Jews, gypsies, and homosexuals."
,Jibber-jabber.
,Jobs.
,Jock Itch.
,Joe Biden's recurring wet dream.
,John Wilkes Booth.
,Judge Judy.
,Judging everyone.
,Jumping out at people.
,Just the tip.
,Justin Bieber.
,Kamikaze pilots.
,Kanye West.
,Karla Homolka.
,Keanu Reeves.
,Keg stands.
,Kibbles'n Bits.
,Kicking a man while he's Tebowing.
,Kicking Puppies.
,Kids with ass cancer.
,Killing a Moose with your bare hands.
,Kim Jong-il.
,Kissing grandma on the forehead and turning off her life support.
,"Kourtney, Kim, Khloe, Kendall, and Kylie."
,"Krampus, the Austrian Christmas monster."
,Kumquats.
,Lactation.
,Ladies' underwear purchased from a vending machine.
,Lady Gaga.
,Lance Armstrong's missing testicle.
,Land mines.
,Laughing at orphans.
,Laying an egg.
,Leaving an awkward voicemail.
,Lena Dunham.
,Leprosy.
,Lesbian stripper ninjas.
,Letting everyone down.
,Leveling up.
,Liberals.
,Licking things to claim them as your own.
,Linsday Lohan at 55.
,Listening to her problems without trying to solve them.
,Literally eating shit.
,Living in a trashcan.
,Lockjaw.
,"Loki, the trickster god."
,Lolcats.
,"Looking in the mirror, applying lipstick, and whispering ""tonight, you will have sex with Tom Cruise."""
,Loose lips.
,Losing your virginity to someone you just met at a frat party.
,Lumberjack fantasies.
,Lunchables™.
,Lying to a girl to get her to put out.
,Lying to terminally ill children about their life expectancy.
,Lyme Disease.
,Mad hacky-sack skills.
,Magnets.
,Making a friend.
,Making a girl pay on the first date.
,Making a pouty face.
,Making love to a really sexy sheep.
,Making the penises kiss.
,Male pregnancy.
,Mall Santa.
,Man Boobs.
,Man meat.
,Mansplaining.
,Many bats.
,Masturbating With Glue.
,Masturbating.
,Masturbation.
,Mathletes.
,Me in a thong.
,Me time.
,Me.
,Mecha-Hitler.
,Media coverage.
,Medieval Times Dinner and Tournament.
,Mel Gibson's sanity.
,Memes.
,Men discussing their feelings in an emotionally healthy way.
,Men.
,Menstrual rage.
,Menstruation.
,Metal Gear.
,Meth.
,Michael Jackson.
,Michelle Obama's arms.
,Michigan.
,Mike Pence.
,Mild autism.
,Mistaking a retarded person for someone who's merely deaf.
,Misunderstood pedophiles.
,M-m-m-mocking st-st-st-stutterers.
,Mocking autistic children because they don't have feelings.
,Monkeys Fucking.
,Mooing.
,Moral ambiguity.
,More elephant cock than I bargained for.
,Morgan Freeman's voice.
,Mother Theresa's rotting corpse.
,Motherfucking Cthulhu.
,Mouth herpes.
,"Mr. Clean, right behind you."
,Mr. Dressup.
,Mufasa’s death scene.
,Muhammad (Peace Be Upon Him).
,Muhammed Ali.
,Multiple stab wounds.
,Murder.
,Muscles.
,Muslims.
,Mutually-assured destruction.
,My abusive boyfriend who really isn't so bad once you get to know him.
,My balls on your face.
,My black ass.
,My bright pink fuckhole.
,My cheating son-of-a-bitch husband.
,My collection of high-tech sex toys.
,My collection of Japanese sex toys.
,My dick in a box.
,My ex-wife.
,My fat daughter.
,My first kill.
,My genitals.
,My good bra.
,My hopes and dreams.
,My hot cousin.
,My humps.
,My inner demons.
,My machete.
,"My manservant, Claude."
,"My neck, my back, my pussy, and my crack."
,My relationship status.
,My sex life.
,My soul.
,"My Uber driver, Pavel."
,My ugly face and bad personality.
,My vagina.
,Naked News.
,Natalie Portman.
,Natural male enhancement.
,Natural selection.
,Nazis.
,NBA superstar LeBron James.
,NCIS Fanfiction.
,Necrophilia.
,Neil Patrick Harris.
,Never being able to look your dog in the eyes again.
,New Age music.
,New England Clam Chowder.
,Newfies.
,Nicholas Cage's storied career.
,Nickelback.
,Nicolas Cage.
,Nipple blades.
,Nocturnal emissions.
,Not contributing to society in any meaningful way.
,Not giving a shit about the Third World.
,Not having sex.
,Not knowing the difference between trolling and being wrong.
,Not reciprocating oral sex.
,Not using enough lube.
,Not vaccinating my children because I am stupid.
,Not wearing pants.
,Nothing.
,NPR.
,Nubile slave boys.
,Nude wrestling.
,Nunchuck moves.
,Nuns.
,Obesity.
,Object permanence.
,Object-sexuals.
,Off-duty Nazis just looking for a good time.
,Old ladies paying by check.
,Old Man Penis.
,Old people having loud sex.
,Old-people smell.
,Ominous background music.
,Oncoming traffic.
,One Ring to rule them all.
,One thousand Slim Jims.
,One titty hanging out.
,One trillion dollars.
,Only dating Asian women.
,Oompa-Loompas.
,Opposable thumbs.
,Oprah.
,Oprah's Va-Jay-Jay.
,Our homeless veterans.
,Overcompensation.
,Overpowering your father.
,Oversized lollipops.
,Pabst Blue Ribbon.
,Pac-Man uncontrollably guzzling cum.
,Panda sex.
,Panty raids.
,Paris Hilton.
,Parting the Red Sea.
,Party Poopers.
,Passable transvestites.
,Passing a kidney stone.
,Passive-aggressive Post-it notes.
,PCP.
,Pedophiles.
,Pedophilia.
,Peeing a little bit.
,Penguin orgy.
,Penis breath.
,Penis envy.
,Penis implants.
,People who smell their own socks.
,Performing sex acts learned from Urban Dictionary.
,Permanent Orgasm-Face Disorder.
,Picking up girls at the abortion clinic.
,Pictures of boobs.
,Pirate customer service representatives.
,Pistol-whipping a hostage.
,Pixelated bukkake.
,"Pizza, Pot and Porn."
,PlayingCards.io.
,Police brutality.
,Pooping back and forth. Forever.
,Pooping in a laptop and closing it.
,Pooping in the soup.
,Poopy diapers.
,Poor life choices.
,Poor people.
,Poorly-timed Holocaust jokes.
,Popeye's Chicken.
,Porn stars.
,Poutine.
,Poverty.
,Power.
,Powerful thighs.
,Prancing.
,Praying the gay away.
,Prescription pain killers.
,Preteens.
,Pretending to be happy.
,Pretending to care.
,Pretty Pretty Princess Dress-Up Board Game®.
,Prison Rape.
,Prosti-tots.
,Pterodactyl eggs.
,PTSD.
,Puberty.
,Public restrooms.
,Public ridicule.
,Pulling out.
,Pumping out a baby every nine months.
,Punching a congressman in the face.
,Puns that aren't funny.
,Puppies!.
,Putting an entire peanut buter and jelly sandwich into the VCR.
,Putting out on the first date.
,"Putting the ""fun"" in ""fundamentalism"""
,Putting wheel locks on wheelchairs.
,Queefing.
,Queen Latifah.
,Quiche.
,Quintland.
,Quivering jowls.
,Quoting Monty Python.
,Racially-biased SAT questions.
,Racism.
,Radical Islamic terrorism.
,Randy gerbils totally macking you.
,Rap music.
,Raping and pillaging.
,Raptor attacks.
,Reading Rainbow.
,Realdoll owners.
,Reality television.
,Realizing too late that there's no toilet paper left.
,Re-gifting.
,Reparations for slavery.
,Repression.
,Republicans.
,Revenge fucking.
,Reverse cowgirl.
,Richard simmons in a pink sparkly tanktop.
,Riding off into the sunset.
,Riding the short bus.
,Ripping into a man's chest and pulling out his still-beating heart.
,Rising from the grave.
,Road head.
,Robbing a sperm bank.
,"Robert Downey, Jr."
,RoboCop.
,Rock-Paper-Scissors-Lizard-Spock.
,Rodent feces.
,"Roland the Farter, flatulist to the king."
,Ron Jeremy's penis.
,Ronald Reagan.
,Roofies.
,Rotting elk carcasses.
,"Running naked through a mall, pissing and shitting everywhere."
,Running out of semen.
,Rusty Trombone.
,Ruth Bader Ginsburg brutally gaveling your penis.
,Ryan Gosling riding in on a white horse.
,Salmonella.
,Same-sex ice dancing.
,Samuel L. Jackson.
,Sand in My Vagina.
,Santa Claus.
,Santa's heavy sack.
,Sarah Palin.
,Saxophone solos.
,"Saying ""I disapprove of what you say, but I will defend to the death your right to say it"" when you know you wouldn't."
,"Saying ""I love you."""
,Scalping.
,Schmirler the Curler.
,Science.
,Scientology.
,Screaming like a maniac.
,Scrotal frostbite.
,Scrotum tickling.
,Scrubbing under the folds.
,Seabirds strangled by plastic six-pack rings.
,Sean Connery.
,Sean Penn.
,Secondhand adult diapers.
,Seduction.
,Seeing Grandma naked.
,Seeing my father cry.
,Seeing what happens when you lock people in a room with hungry seagulls.
,Seething with quiet resentment.
,Self-diagnosed Asperger's Syndrome sufferers.
,Self-flagellation.
,Self-loathing.
,Selling crack to children.
,Semen.
,Seppuku.
,Serfdom.
,Seven dead and three in critical condition.
,Several intertwining love stories featuring Hugh Grant.
,Sex with animals.
,Sex with Patrick Stewart.
,Sex with vegetables.
,Sexting.
,Sexual experimentation in college.
,Sexual humiliation.
,Sexual peeing.
,Sexual tension.
,Sexy pillow fights.
,Sexy Siamese twins.
,Shaft.
,Shaken Baby Syndrome.
,Shaking a baby until it stops crying.
,Shapeshifters.
,Shaquille O'Neal's acting career.
,Sharing needles.
,Sharting.
,Sheep.
,Shiny objects.
,Showing up to an orgy for the food.
,Shutting the fuck up.
,Shutting up so I can watch the game.
,Sideboob.
,Silence.
,Sipping artificial popcorn butter.
,Sitting on my face and telling me I'm garbage.
,Skeletor.
,Slapping a racist old lady.
,Slaughtering innocent children.
,Slaughtering innocent civilians.
,Slavery.
,Slow motion.
,Slutty nuns.
,Smallpox blankets.
,Smegma.
,Smelly hippies.
,Smelly Vaginas.
,Smurf-on-smurfette action.
,"Sneezing, farting, and coming at the same time."
,Sniffing glue.
,Snitching.
,Snookis Vagina.
,Snotsicles.
,Socks.
,"Soft, kissy missionary sex."
,Soiling oneself.
,Solving problems with violence.
,Some douche with an acoustic guitar.
,Some god damn peace and quiet.
,Some guy.
,Some kind of bird-man.
,Some of the best rappers in the game.
,Some punk kid who stole my turkey sandwich.
,Some really fucked-up shit.
,Soup that is too hot.
,Space Jam on VHS.
,Space muffins.
,Spaghetti? Again?.
,Speaking English instead of American.
,"Special musical guest, Cher."
,Spectacular abs.
,Spending lots of money.
,Sperm whales.
,Spontaneous human combustion.
,Spring break!.
,Squirrel-on-whale action.
,Stalin.
,Starting a cult for tax breaks.
,Statistically validated stereotypes.
,Stealing Babies.
,Stealing Wheelchairs.
,Stephen Harper.
,Stephen Hawking talking dirty.
,Stepping in gum.
,Stepping on a hairball with a bare foot.
,Steve Bannon.
,Sticking a fork in an electrical socket.
,Stifling a giggle at the mention of Hutus and Tutsis.
,Stigmata.
,Still being a virgin.
,Stormtroopers.
,Stranger danger.
,Strong female characters.
,Stunt cock.
,Subduing a grizzly bear and making her your wife.
,Suburban chain restaurants.
,Sucking some dicks to not get drafted.
,Sudden Poop Explosion Disease.
,Suicidal Foxconn employees.
,Suicidal thoughts.
,Sunshine and rainbows.
,Surprise Butt-Sex!.
,Survivor's guilt.
,"Sweet, sweet vengeance."
,Swiftly achieving orgasm.
,Swingers.
,Switching to Geico®.
,Swooping.
,Synchronized Sneezing.
,Synergistic management solutions.
,Syrup Sex.
,Syrupy sex with a maple tree.
,Take-backsies.
,Taking a dump in the ball pit at Chuck E Cheese.
,Taking a man's eyes and balls out and putting his eyes where his balls go and then his balls in the eye holes.
,Taking body shots off your mom.
,Taking down Santa with a surface-to-air missile.
,Taking fantasy football way too seriously.
,Taking off your shirt.
,Tangled Slinkys.
,Tap dancing like there's no tomorrow.
,Tasteful side-boob.
,Teaching a robot to love.
,Team-building exercises.
,Tearing that ass up like wrapping paper on Christmas morning.
,Teen Pregnancy.
,Teenage pregnancy.
,Telling a nun to eat a dick.
,Telling a shitty story that goes nowhere.
,Tentacle porn.
,Terry Fox's prosthetic leg.
,Testicular torsion.
,Texas Sleigh Rides.
,Thai Lady Boys.
,"That ""not-so-fresh"" feeling."
,That ass.
,That crazy bitch you work with.
,That feeling when you encounter a handicapped person waiting for you to leave the largest stall in a restroom.
,That guy who is pretty much a dick but you're still friends with him anyway.
,That stuff between your toes.
,That thing that electrocutes your abs.
,The 911 Truther movement.
,The American Dream.
,The Amish.
,The ancient martial art of Flung Poo.
,The Übermensch.
,The arrival of the pizza.
,The Bachelorette season finale.
,The Big Bang.
,The Blood of Christ.
,The bombing of Nagasaki.
,The boners of the elderly.
,The Boy Scouts of America.
,The Care Bear Stare.
,The cast of Jersey Shore.
,The CBC.
,The Challenger explosion.
,The Chinese gymnastics team.
,The chronic.
,The CIA selling crack in the inner-city.
,The Civil War.
,The clitoris.
,"The cool, refreshing taste of Pepsi®."
,The corporations.
,The Dance of the Sugar Plum Fairy.
,The day the birds attacked.
,The Devil Himself.
,The Dick in My Mouth.
,The Donald Trump Seal of Approval.
,The drama club.
,The dreams of a child.
,The economy.
,The entire Internet.
,The entire Mormon Tabernacle Choir.
,The Famous Five.
,The Fanta girls.
,The female orgasm.
,The folly of man.
,The forbidden fruit.
,The Force.
,The four arms of Vishnu.
,The Front de Libération du Québec.
,The gays.
,The glass ceiling.
,The Google.
,The Great Depression.
,The grey nutrient broth that sustains Mitt Romney.
,The Gulags.
,The Hamburglar.
,The hardworking Mexican.
,The Harlem Globetrotters.
,The harsh day of light.
,The harsh light of day.
,The heart of a child.
,The hiccups.
,The Holy Bible.
,The Holy Grail.
,The homosexual agenda.
,The human body.
,The Human Centipede.
,The Hustle.
,The inevitable heat death of the universe.
,The invisible hand.
,The Jews.
,The Jonestown cult suicides.
,The Kardashian sisters.
,The KKK.
,"The Knights Who Say ""Ni""!."
,The Kool-Aid Man.
,The Land of Chocolate.
,The Little Engine That Could.
,The lonliest Brony.
,The magic of live theatre.
,The Make-A-Wish Foundation.
,The Maury Show.
,The mere concept of Applebee's.
,The milk man.
,The milkman.
,The miracle of childbirth.
,The mixing of the races.
,"The moist, demanding chasm of his mouth."
,The new Radiohead album.
,The Offical Languages Act. La Loi sur les langues officielles.
,The only gay person in a hundred miles.
,The orchestra that played as the Titanic went down.
,The past.
,The Patriarchy.
,"The penny whistle solo from ""My Heart Will Go On."""
,The placenta.
,The Pope.
,"The primal, ball-slapping sex your parents are having right now."
,The profoundly handicapped.
,The Quesadilla Explosion Salad from Chili’s.
,The Rapture.
,The Red Hot Chili Peppers.
,The Red Menace.
,"The Rev. Dr. Martin Luther King, Jr."
,The rhythms of Africa.
,The rich pageantry of Macy's Thanksgiving Day Parade.
,The Ron Popeil Pocket Fisherman.
,The Royal Canadian Mounted Police.
,The Russians.
,The screams...the terrible screams.
,The second time I got crabs.
,The shambling corpse of Larry King.
,The South.
,The Spanish Inquisition.
,The Star Wars Holiday Special.
,The systematic destruction of an entire people and their way of life.
,The taint; the grundle; the fleshy fun-bridge.
,The Tea Party.
,The Tempur-Pedic Swedish Sleep System.
,The terrorists.
,The thin veneer of situational causality that underlies porn.
,The three wise men.
,The Three-Fifths compromise.
,"The tiny, calloused hands of the Chinese children that made this card."
,The token minority.
,The Trail of Tears.
,The true meaning of Christmas.
,"The two actors who played Darren Stevens in ""Bewitched"""
,The Underground Railroad.
,The unstoppable tide of Islam.
,The violation of our most basic human rights.
,The Virginia Tech Massacre.
,The way white people is.
,The wet spot on the bed.
,The wifi password.
,The wonders of the Orient.
,The World of Warcraft.
,These hoes.
,Third base.
,This is a test.
,This is what I'm saying!.
,This month's mass shooting.
,Three and a half babies.
,"Three Asian strippers, two porn stars, and a suitcase full of blow."
,Three dicks at the same time.
,Three months in the hole.
,Throwing a virgin into a volcano.
,Throwing grapes at a man until he loses touch with reality.
,Throwing Poop like a Monkey.
,Throwing up in your mouth.
,Tickle Me Elmo.
,Tim Hortons.
,Time travel.
,Tiny nipples.
,"Toast with the burned image of Our Lord and Savior, Jesus Christ."
,Toenail fungus.
,Tom Cruise.
,Tongue.
,Toni Morrison's vagina.
,Too much hair gel.
,Tossing Salad.
,Touching a pug right on his penis.
,Traveling back in time to become your own grandparent.
,Triangle Bush.
,Tripping balls.
,Trying to be nice while describing a friend's ugly baby.
,Tuna noodle casserole.
,Tweeting.
,Twincest.
,Two midgets shitting into a bucket.
,Ugly Mexican hookers.
,Unconditional love.
,Underage cosplayers in bondage gear.
,Unfathomable stupidity.
,Unidentifiable spots on your dick.
,Unironic Tebowing.
,"Unlimited soup, salad, and breadsticks."
,Upgrading homeless people to mobile hotspots.
,Uppercuts.
,Used panties.
,Vagina dentata.
,Vehicular manslaughter.
,Velcro.
,Viagra®.
,Victims of lead-based paint.
,Vietnam flashbacks.
,Vigilante justice.
,Vigorous jazz hands.
,Vikings.
,Vladimir Putin.
,Vomiting mid-blowjob.
,Vomiting seafood and bleeding anally.
,Vorpal Dildo of Enlightenment +2.
,Waiting 'til marriage.
,Waiting till marriage.
,Waking up half-naked in a Denny's parking lot.
,War crimes.
,"Warm, velvety muppet sex."
,Watching a Twilight movie on purpose.
,Waterboarding.
,Weapons-grade plutonium.
,Wearing an octopus for a hat.
,Wearing extra thin pants for a strip club lap dance.
,Wearing the genitals of a defeated enemy around your neck as a trophy.
,Wearing underwear inside-out to avoid doing laundry.
,Wet dreams.
,Whatever Kwanzaa is supposed to be about.
,When you fart and a little bit comes out.
,Whining like a little bitch.
,Whipping a disobedient slave.
,Whipping it out.
,White people.
,White privilege.
,White Trash.
,Wifely duties.
,William Shatner.
,Winking at old people.
,Wiping her butt.
,Wizard music.
,Wolf-whistling at Girl Scouts.
,Women in yogurt commercials.
,Women of color.
,Women.
,Women's suffrage.
,Wondering if it was something you did which caused your significant other to become gay.
,Wondering if it's possible to get some of that salsa to go.
,Wondering if the colorblind have an equally useless superpower.
,"Words, words, words."
,World peace.
,World Series of Felching.
,Worshipping that pussy.
,Yeast.
,Yellow snow.
,You are a whore.
,YOU MUST CONSTRUCT ADDITIONAL PYLONS.
,Your ass hurting from wiping too much.
,Your aunt barging into the bathroom when you're pooping.
,Your face.
,Your weird brother.
,Zeus's sexual appetites.
,Zombie consultants.
,Zyklon B.
